{"stats":{"minecraft:mined":{"minecraft:birch_leaves":1},"minecraft:dropped":{"minecraft:birch_leaves":2,"minecraft:netherite_helmet":1},"minecraft:picked_up":{"minecraft:netherite_boots":1,"minecraft:birch_leaves":3,"minecraft:cooked_beef":64,"minecraft:arrow":2,"minecraft:rotten_flesh":3,"minecraft:netherite_helmet":1,"minecraft:netherite_sword":4,"minecraft:netherite_chestplate":1,"minecraft:netherite_leggings":1,"minecraft:bone":2},"minecraft:killed":{"minecraft:skeleton":1,"minecraft:zombie":6},"minecraft:used":{"minecraft:oak_leaves":2,"minecraft:netherite_sword":18,"minecraft:birch_leaves":10,"minecraft:gold_block":1,"minecraft:note_block":3,"minecraft:enchanted_golden_apple":1},"minecraft:custom":{"minecraft:damage_absorbed":159,"minecraft:time_since_rest":187468,"minecraft:crouch_one_cm":2517,"minecraft:deaths":16,"minecraft:play_time":244985,"minecraft:sprint_one_cm":15600,"minecraft:damage_taken":880,"minecraft:walk_one_cm":41908,"minecraft:sneak_time":1131,"minecraft:mob_kills":7,"minecraft:drop":3,"minecraft:jump":409,"minecraft:damage_dealt":1524,"minecraft:leave_game":4,"minecraft:time_since_death":187457,"minecraft:total_world_time":244985,"minecraft:damage_resisted":497,"minecraft:fall_one_cm":693,"minecraft:tune_noteblock":7,"minecraft:fly_one_cm":105591,"minecraft:player_kills":1}},"DataVersion":3465}