{"stats":{"minecraft:used":{"minecraft:stone_brick_stairs":35,"minecraft:stone_bricks":35,"minecraft:cracked_stone_bricks":3,"minecraft:oak_leaves":7,"minecraft:dark_prismarine":12,"minecraft:netherite_sword":7,"minecraft:sea_lantern":5,"minecraft:diamond_block":5,"minecraft:dirt":60,"minecraft:grass_block":45,"minecraft:prismarine":30,"minecraft:chain":9,"minecraft:stone_brick_wall":18,"minecraft:kelp":13,"minecraft:seagrass":5,"minecraft:soul_torch":6},"minecraft:killed":{"minecraft:skeleton":1,"minecraft:zombie":1,"minecraft:enderman":1},"minecraft:picked_up":{"minecraft:arrow":1,"minecraft:kelp":2,"minecraft:bow":1,"minecraft:stone_brick_wall":2,"minecraft:stone_brick_stairs":1,"minecraft:soul_torch":1,"minecraft:grass_block":1,"minecraft:dirt":53,"minecraft:bone":2},"minecraft:custom":{"minecraft:time_since_rest":103263,"minecraft:crouch_one_cm":4720,"minecraft:play_time":103263,"minecraft:sprint_one_cm":11417,"minecraft:damage_taken":160,"minecraft:walk_one_cm":41519,"minecraft:sneak_time":2005,"minecraft:walk_under_water_one_cm":11153,"minecraft:mob_kills":3,"minecraft:jump":208,"minecraft:damage_dealt":768,"minecraft:leave_game":3,"minecraft:walk_on_water_one_cm":3215,"minecraft:time_since_death":103263,"minecraft:total_world_time":103263,"minecraft:swim_one_cm":503,"minecraft:fall_one_cm":211,"minecraft:fly_one_cm":84721}},"DataVersion":3465}