{"stats":{"minecraft:killed":{"minecraft:skeleton":1,"minecraft:zombie":1,"minecraft:enderman":1},"minecraft:used":{"minecraft:oak_fence":3,"minecraft:orange_concrete_powder":6,"minecraft:dark_prismarine":12,"minecraft:netherite_sword":7,"minecraft:sea_lantern":5,"minecraft:end_rod":5,"minecraft:crying_obsidian":48,"minecraft:grass_block":79,"minecraft:barrier":20,"minecraft:prismarine":30,"minecraft:lime_concrete_powder":11,"minecraft:polished_blackstone_brick_stairs":13,"minecraft:grass":3,"minecraft:stone_brick_stairs":35,"minecraft:stone_bricks":35,"minecraft:netherrack":5,"minecraft:item_frame":12,"minecraft:cracked_stone_bricks":3,"minecraft:oak_leaves":7,"minecraft:bamboo_stairs":4,"minecraft:glow_item_frame":15,"minecraft:diamond_block":5,"minecraft:glowstone":88,"minecraft:dirt":65,"minecraft:light_blue_concrete_powder":7,"minecraft:chain":9,"minecraft:stone_brick_wall":18,"minecraft:kelp":13,"minecraft:cobbled_deepslate":9,"minecraft:seagrass":5,"minecraft:soul_torch":6,"minecraft:obsidian":78},"minecraft:custom":{"minecraft:time_since_rest":248749,"minecraft:sprint_one_cm":47123,"minecraft:walk_one_cm":76196,"minecraft:damage_taken":160,"minecraft:mob_kills":3,"minecraft:damage_dealt":768,"minecraft:swim_one_cm":503,"minecraft:fly_one_cm":230880,"minecraft:crouch_one_cm":6093,"minecraft:play_time":248749,"minecraft:sneak_time":3526,"minecraft:walk_under_water_one_cm":12309,"minecraft:jump":429,"minecraft:leave_game":5,"minecraft:time_since_death":248749,"minecraft:walk_on_water_one_cm":3725,"minecraft:total_world_time":248749,"minecraft:fall_one_cm":211},"minecraft:picked_up":{"minecraft:stone_brick_wall":2,"minecraft:stone_brick_stairs":1,"minecraft:soul_torch":1,"minecraft:grass_block":1,"minecraft:dirt":68,"minecraft:item_frame":1,"minecraft:arrow":1,"minecraft:bone":2,"minecraft:kelp":2,"minecraft:bow":1}},"DataVersion":3465}