{"stats":{"minecraft:mined":{"minecraft:birch_leaves":1,"minecraft:powder_snow":1,"minecraft:grass_block":1,"minecraft:dirt":1},"minecraft:picked_up":{"minecraft:netherite_boots":1,"minecraft:birch_leaves":3,"minecraft:cooked_beef":64,"minecraft:netherite_leggings":1,"minecraft:string":7,"minecraft:dirt":1,"minecraft:arrow":2,"minecraft:bone":2,"minecraft:rotten_flesh":5,"minecraft:netherite_helmet":1,"minecraft:netherite_sword":4,"minecraft:netherite_chestplate":1},"minecraft:used":{"minecraft:netherite_sword":33,"minecraft:grass_block":34,"minecraft:birch_leaves":35,"minecraft:netherite_axe":1,"minecraft:cat_spawn_egg":16,"minecraft:oak_leaves":5,"minecraft:golden_apple":1,"minecraft:gold_block":1,"minecraft:note_block":3,"minecraft:powder_snow_bucket":2,"minecraft:enchanted_golden_apple":1,"minecraft:splash_potion":1},"minecraft:custom":{"minecraft:time_since_rest":102848,"minecraft:damage_absorbed":199,"minecraft:sprint_one_cm":20531,"minecraft:walk_one_cm":77853,"minecraft:damage_taken":2376,"minecraft:mob_kills":15,"minecraft:drop":3,"minecraft:damage_dealt":2664,"minecraft:player_kills":1,"minecraft:fly_one_cm":176606,"minecraft:tune_noteblock":7,"minecraft:crouch_one_cm":7864,"minecraft:play_time":415031,"minecraft:deaths":19,"minecraft:sneak_time":3041,"minecraft:jump":553,"minecraft:leave_game":12,"minecraft:time_since_death":102841,"minecraft:total_world_time":415031,"minecraft:damage_resisted":497,"minecraft:fall_one_cm":3683},"minecraft:killed":{"minecraft:cat":7,"minecraft:skeleton":1,"minecraft:zombie":7},"minecraft:killed_by":{"minecraft:zombie":3},"minecraft:dropped":{"minecraft:birch_leaves":2,"minecraft:netherite_helmet":1}},"DataVersion":3465}