{"stats":{"minecraft:picked_up":{"minecraft:kelp":2},"minecraft:used":{"minecraft:stone_brick_stairs":34,"minecraft:stone_bricks":30,"minecraft:cracked_stone_bricks":3,"minecraft:oak_leaves":7,"minecraft:dark_prismarine":12,"minecraft:sea_lantern":5,"minecraft:diamond_block":5,"minecraft:dirt":8,"minecraft:grass_block":2,"minecraft:prismarine":30,"minecraft:chain":9,"minecraft:stone_brick_wall":14,"minecraft:kelp":13,"minecraft:seagrass":5,"minecraft:soul_torch":4},"minecraft:custom":{"minecraft:time_since_rest":41601,"minecraft:crouch_one_cm":2406,"minecraft:play_time":41601,"minecraft:sprint_one_cm":2424,"minecraft:damage_taken":160,"minecraft:walk_one_cm":26603,"minecraft:sneak_time":1066,"minecraft:walk_under_water_one_cm":10645,"minecraft:jump":55,"minecraft:leave_game":1,"minecraft:time_since_death":41601,"minecraft:walk_on_water_one_cm":3177,"minecraft:total_world_time":41601,"minecraft:swim_one_cm":503,"minecraft:fall_one_cm":211,"minecraft:fly_one_cm":29090}},"DataVersion":3465}