{"stats":{"minecraft:mined":{"minecraft:oak_leaves":2},"minecraft:dropped":{"minecraft:string":1,"minecraft:netherite_sword":1,"minecraft:netherite_helmet":1,"minecraft:netherite_chestplate":1,"minecraft:netherite_leggings":1,"minecraft:netherite_boots":1},"minecraft:picked_up":{"minecraft:splash_potion":1,"minecraft:birch_leaves":1,"minecraft:cooked_beef":64,"minecraft:rotten_flesh":4,"minecraft:oak_log":2,"minecraft:oak_sapling":2,"minecraft:string":2},"minecraft:killed_by":{"minecraft:player":1},"minecraft:killed":{"minecraft:skeleton":1,"minecraft:spider":1,"minecraft:zombie":5},"minecraft:used":{"minecraft:netherite_sword":18,"minecraft:birch_leaves":4,"minecraft:enchanted_golden_apple":1,"minecraft:splash_potion":33},"minecraft:custom":{"minecraft:time_since_rest":130602,"minecraft:play_time":244147,"minecraft:sprint_one_cm":59080,"minecraft:deaths":6,"minecraft:damage_taken":930,"minecraft:walk_one_cm":24829,"minecraft:sneak_time":62,"minecraft:mob_kills":7,"minecraft:drop":6,"minecraft:jump":658,"minecraft:damage_dealt":1321,"minecraft:leave_game":2,"minecraft:time_since_death":130595,"minecraft:total_world_time":244147,"minecraft:fall_one_cm":4920,"minecraft:fly_one_cm":161904}},"DataVersion":3465}