{"stats":{"minecraft:killed":{"minecraft:cat":1,"minecraft:zombie":1,"minecraft:creeper":1,"minecraft:enderman":2},"minecraft:used":{"minecraft:item_frame":1,"minecraft:smooth_basalt":3,"minecraft:netherite_sword":15,"minecraft:glowstone":51,"minecraft:grass_block":86,"minecraft:polished_blackstone_brick_stairs":1,"minecraft:cobbled_deepslate":10},"minecraft:custom":{"minecraft:time_since_rest":70377,"minecraft:crouch_one_cm":58,"minecraft:deaths":2,"minecraft:play_time":175114,"minecraft:sprint_one_cm":20060,"minecraft:walk_one_cm":34802,"minecraft:damage_taken":410,"minecraft:sneak_time":195,"minecraft:walk_under_water_one_cm":1883,"minecraft:mob_kills":6,"minecraft:jump":203,"minecraft:damage_dealt":1549,"minecraft:leave_game":3,"minecraft:walk_on_water_one_cm":2277,"minecraft:time_since_death":70348,"minecraft:total_world_time":175114,"minecraft:swim_one_cm":2057,"minecraft:fall_one_cm":5152,"minecraft:fly_one_cm":132680},"minecraft:picked_up":{"minecraft:cobbled_deepslate":14,"minecraft:glowstone_dust":25,"minecraft:dirt":32,"minecraft:ender_pearl":1}},"DataVersion":3465}