{"stats":{"minecraft:used":{"minecraft:netherite_sword":4,"minecraft:glowstone":2,"minecraft:grass_block":1},"minecraft:killed":{"minecraft:cat":1,"minecraft:zombie":1},"minecraft:custom":{"minecraft:jump":114,"minecraft:time_since_rest":5336,"minecraft:damage_dealt":328,"minecraft:damage_taken":410,"minecraft:walk_one_cm":9409,"minecraft:leave_game":2,"minecraft:sprint_one_cm":13115,"minecraft:play_time":110073,"minecraft:time_since_death":5307,"minecraft:walk_on_water_one_cm":1610,"minecraft:deaths":2,"minecraft:sneak_time":79,"minecraft:total_world_time":110073,"minecraft:walk_under_water_one_cm":1883,"minecraft:mob_kills":2,"minecraft:swim_one_cm":2057,"minecraft:fall_one_cm":5152,"minecraft:fly_one_cm":48209}},"DataVersion":3465}